English,Manx,Notes
MANX PLANT NAMES,,
"COMPILED BY MISS S. MORRISON, PEEL.",,
"Alexanders, Smyrnium olusatrum","Ollyssyn, Lus-yn-ollee",
"Anemome (wood), Anemone nemorosa",Lus-ny-Geayee,
"Apple, Pyrus malus",Ooyl,
"Ash, Fraxinus excelsior",Unjin,
"Ash (mountain), Pyrus aucuparia",Keirn,
"Aspen, Populus tremula","Cron-craee, Chengey-ny-mraane",
"Barley, Hordeum",Oarn,
"Bean, Faba vulgaris",Poanrey,
"Bird’s foot trfoil, Lotus dulcamara",Crouw-kayt,
"Bitter-sweet, Solanum dulcamara",Croan-reisht,
"Bitter vetch, Orobus tuberosus",Crammeltyn[1],[1] crammeltyn] always plural
Blackberry (bramble),Smeyr,
"Blaeberry (whortleberry), Vaccinum myrtillus","Farrane, Freoaghne gorrym",
"Bog-bean, Menyanthes trifoliata","Lubber lub, Luss-y-three duillag",
"Bog-myrtle, Myrica gale",Lus roddagagh,
Brambe (Rubus fruticosus,Dress,
"Brook-lime, Veronica beccabunga",Burleek,
"Broom, Cyrisus scoparius",Guilcaugh,
"Buckshorn plantain, Plantago coronopus",Bollan Vreeshey,
"Burdock, Arctium lappa",Bollan-doo,
"Burnet rose, Rosa spinossima",Drine drughaigh,
"Bur-reed (branched), Sparganium ramosum",Curtlagh muck,
"Butterwort, Pinfuicula vulgaris",Lus-y-steep,
"Campion (red), Lychnis diurna",Blaa-ferishyn,
"Carrot (wild), Daucus carota",Carradje-keoie,
"Celandine (greater), Chelidonium majus",Lus-y-gollan geayee,
"Celandine (lesser), Ranunculus ficara",Lus-ny-pileyn,
"Centaury, Erythraea centaurium",Keym-Chreest,
"Chickweed, Stellaria media",Flig,
"Chive, Allium shoenoprasum",Shoushan,
"Cleavers, Galium aparine",Lus-y-chollane,
"Clover (white), Trifolium repens",Samark bane,
"Colt’s-foot, Tussilago farfara",Cabbag-ny-hawin,
"Comfrey, Symphytum officinale",Cumfurt,
"Common and Corn Sow thistles, Sonchus oleraceus, Sonchus arvensis","Bee-muck, Bainey-muck, Onnane-meein",
"Corn Marigold, Chrysanthemum segetum",Bastag vuigh,
"Cotton thistle, Onopordon acanthum",Onnane frangagh,
"Couch grass, Triticum repens",Faiyr-voddee,
"Cow-parsnip, Heracleum spondylium",Farrain,
Cress (water) nasturium officinale,Burley,
"Crosswort, Galium cruciatum",Bossan tessen,
"Crowfoot, Ranunculus acris",Cass-feeagh,
"Cudweed, Filago germanica",Lus-ny-chroshey,
"Daisy, Bellis perennis",Neaynin,
"Dandelion, Taraxacum officinale",Lus-ny-minnag,
"Darnel, Lolium perenne and tremulentum",Jerlyn,
"Devil’s bit, Scabiosa succisa",Lus-yn-aacheoid,
"Dock, Rumex obtusifolius",Cabbag-jiarg,
"Dog-rose, Rosa canina",Drine bogogue,
"Dog-violet, Viola canina",Bossan feeackle,
"Duckweed, Lemna minor",Clooie fannag,
"Dulse, Rhodymenia palmata",Dullish,
"Earth nut, Conopodium denudatum",Curlan,
"Elder, Sambucus nigra",Tramman,
fungi growing on elder trees,Cleaysh-hramman[2],"[2] Cleaysh-hramman] [lit; ‘elder ear’] this entry is added as a note after [Tramman]. [Note by RT: This refers to the type of fungi that grows on elder trees, called ‘jelly ear’ in English. In Manx folklore these are said to be ears left on the tree by the mooinjer-veggey as bugging devices when they themselves are out-of-sight in order to listen on humans. Left soaking in water overnight they swell and take on the appearance of ears.]"
"Elm, Ulmus campestris",Lhieaun,
"Eyebright, Euphrasia officinalis",Lus-y-tooill,
"Fairy flax, Linun catharticum",Lus-y-ghew,
"Fern family, Filices",Rhennagh,
"Fir (Scotch), Pinus sylvestris",Juys,
"Fig wort, Scrophularia nodosa",Arym,
"Flag (yellow), Iris pseud-acorus",Cliogagh,
"Flax, Linum",Lieen,
"Flixweed, Sisymbrium sophia",Lus-y-yiarrey,
"Foxglove, Digitalis purpurea",(Fraps) Sleggan-sleeu,
"Fumitory, Fumaria officinalis",Booa-ghoayn,
"Furze, Ulex nanus","Conney-cadjin, Conney manninagh",
"Furze, Ulex eurpaeus",Conney frangagh,
"Garlic, Allium ursinum",Garlead,
"Golden rod, Solidago virgaurea",Slat-airh,
"Goosefoot (white), Chenopodium viride",Coll-mea,
"Goutweed, Aeogopodium podagraria",Lus-yn-ollee,
"Grass family, Gramineae",Faiyr ,
hay[3],traagh,[3] Traagh] added as a note after [Feiyr].
"Ground Ivy, Nepeta glechoma",Ard-lossey,
"Groundel, Senecio vulgaris",Grunlus,
"Harebell, Campanula rotundifolia",Mairanyn ferish,
"Hawkweed (mouse-ear), Hieracum pilosella",Lus-y-chengey veg,
"Hawthorn, Crataegus oxyancantha",Drine skeag,
"Hazel, Corylus avellana",Coll,
"Heath bedstraw, Galium saxatile",Follan fing,
"Hemlock, Conium maculatum",Aghaue,
"Hemp, Cannabis sativa",Kennip,
"Hemp agrimony, Eupatorium cannaginum",Jeshal,
"Henbane, Hyoscyamus niger",Connagh-ny-giark,
"Herb Robert, Geranium Robertianum",Lus-ny-freenaghyn mooarey,
"Holly, Ilex aquifolium",Hollyn,
"Honeysuckle, Lonicera periclymenum",Ullaagagh,
"Hops, Humulus lupulus",Ob,
"Horehound, Marrubium vulgare",Nep,
"House leek, Sempervivum tectorum",Lus y thie,
"Hyacinth (wild), Scilla nutans","Gleik-muck, Blaa muck",
"Ivy, Hedera helix",Hibbin,
"Knapweed, Centaurea nigra",Lus-y-cramman doo,
"Leek, Allium porrum",Lhuss,
Lichen family,Scriss-nygreg,
"Ling, Calluna vulgaris",Conney-freoagh,
"Ling berry (Crowberry), Empetrum nigrum",Freoaghane,
"Liverwort, Marchantia polymorpha",Lus-yn-aane,
"Maiden-hair fern, Adiantum capillus-veneris",Lus-y-voidyn,
"Male fern, lastea filix mas",Rhennagh-woirrey,
"Mare’s tail, Hippuris vulgaris",Jeetdrym jeeas,
"Marsh mallow, Malva sylvestris",Lus ny-moal Moirrey,
"Marsh marigolds, Caltha palustris",Blughtyn,
"Marsh pennywort, Hydrocotyle vulgaris",Ouw,
"Marsh thistle, Cnicus palustris",Onnane lheannagh,
"Meadow sweet, Spiraea ulmaria",Lus millish ny lheannagh,
"Mint (water), Mentha aquatica",Mynthey-jiarg,
"Moonwort, Botrychium lunaria",Lus luna,
"Moue ear chickweed, Cerastium",Cleaysh lugh,
Moss family,Keynnagh,
"Mugwort, Artemisia vulgaris","Bollan-feal-Eoin, Bollan-bane",
"Mushroom, Agaricus",Shalmane,
"Mustard (wild), Brassica sinapis",Brashlagh,
"Nettle, Urtica divica",Undaagagh,
"Nipplewort, Lapsana communis",Bolan-y-chee,
"Oak, Quercus robur",Darragh,
"Oats, Avena",Plaggad,
Oat grain,Corkey,
"Onion, Allium cepa",Unnish,
"Oxe-eye daisy, Chrysanthemum leucanthemum",Bastag bane,
"Pæony [Peony], Pæonia officinalis ",Pieannit,
"Pansy (field), Viola tricolor",Blaa villish,
"Parsnip, Pastinaca sativa",Pesmad,
Pea,Pishyr,
"Pennyroyal, Mentha pulegium",Lurgeydish,
Pennyworts (wall) Cotyledon umbilicus,Woishleeyn,
"Pepperwort, Lepidium campestra","Pibbyr-keoie, Pibbyr-yn-dooinney-boght",
"Plaintain (greater), Plantago major",Cabbag Pharick,
"Pond weed, Potamogeton natans",Dullish far ushtey,
"Poppy family, Papveraceae",Lus-y-chadlee,
"Potato, Solanum tuberosum","Praase, Puddase",
"Primrose, Primula vulgaris","Sumark, Sumark-souree",
"Radish (wild), Raphanus maritimus",Raghyl,
"Ragwort, Senecio jacobaea",Cushag,
"Reed, Sparganium simplex",Curtlagh,
"Ribwort plantain, Plantago lanceolate",Slane-luss,
"Royal fern, Osmunda regalis",Bogrenish,
"Rush family, Junceae","Shuin, Leaghyr",
"Rye, Secale cereale",Shoggyl,
"Sage (wild), Teucrium sorodonia",Creeaghlagh,
"St. John’s wort, Hypericum pulchrum",Lus-y-chiolg,
"Sallow, Salix",Shellagh,
"Samphire, Crithmum maritimum",Lus-ny-greg,
"Sea holly, Ergyngium maritimum",Hollyn-traie,
"Sea kale, Cramb maritima",Cail-traie,
"Sea matweed, Psamme arenaria",Shaslagh,
"Sea spleenwort, Asplenium marinum",Rhennagh marrey,
"Sea-weeds, Algae",Famlagh,
"Self heal, Prunella vulgaris",Dooan-y-chione-cast,
"Scurvy grass, Cochlearia-officinalis",Scrub-y-traie,
"Shamrock family, Trifolium",Samark,
"Sheep’s bit, Jasione montana",Bossan-gorrym,
"Silverweed, Potentilla anserina",Duillag-argid,
"Sloe, Prunis communis","Drine doo, Drine arn",
"Sneezewort, Achillea ptarmica",Lus-y-chorran,
"Sorrel, Rumex acetosa",Shughlaig,
"Spear thistle, Cnicus lanceolatus",Onnane sleigh,
"Spearwort (lesser), Ranunculus flammula",Lus-y-binjey,
"Spurge, Euphorbia helioscopia",Lus-ny-fahnnaghyn,
"Spurrey, Spergula arvensis",Carran,
"Stone bramble, Rubus saxatilis",Smeyr-greiney,
"Strawberry (wild), Fragaria vesca",Soo crou,
"Sundow, Drosera rotundifola","Lus-y-druight, Lus-y-ghraih",
"Sweet meadow grass, Anthoxanthum, odoratum",Faiyr sonnys,
"Teasal, Dipsacus sylvestris",Leaddan,
"Thistle, Cnicus arevensis, etc.",Onnane,
"Thrift, Armeria vulgaris",Keirn jiarg,
"Thyme (wild), Thymus serpyllum",Thyme thallooin,
"Tormentil, Potentilla tormentilla",Lus-y-vuinney,
"Turnip, Brassica rapa",Napin,
"Valerian, Valeriana officinalis",Kere hallooin,
"Vervain, Verbena officinalis","Vervine, Yn luss",
"Vernal grass, Erophila vulgaris",Bossan ingey,
"Vetch, Vicia sp—",Pishyr lughagh,
Violet (common dog violet) V. sylvatica,Sumark gorrym,
"Walnut, Julans regia",Cro-rangagh,
"Water hemlock, Circuta virosa",Aghaue,
"Water parsnip, Sium angustifolium",Pollagh,
"Water pepper, Polygonum hydropiper",Glioonagh,
Wheat,Curnaght,
"Willow (creeping), Salix repens",Tuig-y-yeeighey,
"Willow herb, Epilobium montanum",Lus-ny-shellee,
"Wood sorrel, Oxalis acetosella",Bee-cooag,
"Wormwood, Artemisia absinthium",Ullymar,
"Yarrow, Achillea, millefolium",Airh-hallooin,
"Yellow bedstraw, Galium verum",Lus-y-volley,
"Yellow weed, Raseda luteola","Wullee wus, Lus-y-wee",